-- phpMyAdmin SQL Dump
-- version 5.0.4
-- https://www.phpmyadmin.net/
--
-- Host: localhost
-- Generation Time: Feb 15, 2021 at 05:28 AM
-- Server version: 10.4.17-MariaDB
-- PHP Version: 8.0.1

SET SQL_MODE = "NO_AUTO_VALUE_ON_ZERO";
START TRANSACTION;
SET time_zone = "+00:00";


/*!40101 SET @OLD_CHARACTER_SET_CLIENT=@@CHARACTER_SET_CLIENT */;
/*!40101 SET @OLD_CHARACTER_SET_RESULTS=@@CHARACTER_SET_RESULTS */;
/*!40101 SET @OLD_COLLATION_CONNECTION=@@COLLATION_CONNECTION */;
/*!40101 SET NAMES utf8mb4 */;

--
-- Database: `payroll`
--

-- --------------------------------------------------------

--
-- Table structure for table `history_absensi`
--

CREATE TABLE `history_absensi` (
  `id_absensi` char(16) NOT NULL,
  `reason` varchar(20) NOT NULL,
  `change_by` int(11) NOT NULL,
  `change_at` date NOT NULL
) ENGINE=InnoDB DEFAULT CHARSET=utf8mb4;

-- --------------------------------------------------------

--
-- Table structure for table `history_cuti`
--

CREATE TABLE `history_cuti` (
  `id_cuti` int(11) NOT NULL,
  `reason` varchar(20) NOT NULL,
  `change_by` int(11) NOT NULL,
  `change_at` date NOT NULL
) ENGINE=InnoDB DEFAULT CHARSET=utf8mb4;

-- --------------------------------------------------------

--
-- Table structure for table `history_divisi`
--

CREATE TABLE `history_divisi` (
  `id_divisi` int(11) NOT NULL,
  `reason` varchar(20) NOT NULL,
  `change_by` int(11) NOT NULL,
  `change_at` date NOT NULL
) ENGINE=InnoDB DEFAULT CHARSET=utf8mb4;

--
-- Dumping data for table `history_divisi`
--

INSERT INTO `history_divisi` (`id_divisi`, `reason`, `change_by`, `change_at`) VALUES
(1, 'Create', 2, '2021-02-11'),
(2, 'Create', 2, '2021-02-11'),
(3, 'Create', 2, '2021-02-11'),
(4, 'Create', 2, '2021-02-11'),
(5, 'Create', 2, '2021-02-11'),
(6, 'Create', 2, '2021-02-11'),
(7, 'Create', 2, '2021-02-11'),
(8, 'Create', 2, '2021-02-11'),
(9, 'Create', 2, '2021-02-11'),
(10, 'Create', 2, '2021-02-11'),
(11, 'Create', 2, '2021-02-11'),
(12, 'Create', 2, '2021-02-11'),
(13, 'Create', 2, '2021-02-11'),
(14, 'Create', 2, '2021-02-11'),
(15, 'Create', 2, '2021-02-11'),
(16, 'Create', 2, '2021-02-11'),
(17, 'Create', 2, '2021-02-11'),
(18, 'Create', 2, '2021-02-11'),
(19, 'Create', 1, '2021-02-11'),
(1, 'Edit', 1, '2021-02-11'),
(1, 'Edit', 1, '2021-02-11');

-- --------------------------------------------------------

--
-- Table structure for table `history_jabatan`
--

CREATE TABLE `history_jabatan` (
  `id_jabatan` int(11) NOT NULL,
  `reason` varchar(20) NOT NULL,
  `change_by` int(11) NOT NULL,
  `change_at` date NOT NULL
) ENGINE=InnoDB DEFAULT CHARSET=utf8mb4;

--
-- Dumping data for table `history_jabatan`
--

INSERT INTO `history_jabatan` (`id_jabatan`, `reason`, `change_by`, `change_at`) VALUES
(1, 'Create', 2, '2021-02-11'),
(2, 'Create', 2, '2021-02-11');

-- --------------------------------------------------------

--
-- Table structure for table `history_jam_kerja`
--

CREATE TABLE `history_jam_kerja` (
  `id_jam_kerja` int(11) NOT NULL,
  `reason` varchar(20) NOT NULL,
  `change_by` int(11) NOT NULL,
  `change_at` date NOT NULL
) ENGINE=InnoDB DEFAULT CHARSET=utf8mb4;

--
-- Dumping data for table `history_jam_kerja`
--

INSERT INTO `history_jam_kerja` (`id_jam_kerja`, `reason`, `change_by`, `change_at`) VALUES
(1, 'Create', 1, '2021-02-08'),
(2, 'Create', 1, '2021-02-09'),
(1, 'Edit', 1, '2021-02-10'),
(1, 'Edit', 1, '2021-02-10'),
(3, 'Create', 1, '2021-02-10'),
(1, 'Edit', 1, '2021-02-10'),
(1, 'Edit', 1, '2021-02-10'),
(1, 'Edit', 1, '2021-02-10'),
(2, 'Edit', 2, '2021-02-11'),
(1, 'Edit', 2, '2021-02-11'),
(1, 'Edit', 2, '2021-02-11'),
(4, 'Create', 2, '2021-02-11'),
(5, 'Create', 2, '2021-02-11');

-- --------------------------------------------------------

--
-- Table structure for table `history_kalender`
--

CREATE TABLE `history_kalender` (
  `id_kalender` int(11) NOT NULL,
  `reason` varchar(20) NOT NULL,
  `change_by` int(11) NOT NULL,
  `change_at` date NOT NULL
) ENGINE=InnoDB DEFAULT CHARSET=utf8mb4;

--
-- Dumping data for table `history_kalender`
--

INSERT INTO `history_kalender` (`id_kalender`, `reason`, `change_by`, `change_at`) VALUES
(1, 'Create', 1, '2021-02-08'),
(2, 'Create', 1, '2021-02-08'),
(3, 'Create', 1, '2021-02-11'),
(4, 'Create', 1, '2021-02-11'),
(5, 'Create', 1, '2021-02-11');

-- --------------------------------------------------------

--
-- Table structure for table `history_karyawan`
--

CREATE TABLE `history_karyawan` (
  `id_karyawan` varchar(15) NOT NULL,
  `reason` varchar(20) NOT NULL,
  `change_by` int(11) NOT NULL,
  `change_at` date NOT NULL
) ENGINE=InnoDB DEFAULT CHARSET=utf8mb4;

--
-- Dumping data for table `history_karyawan`
--

INSERT INTO `history_karyawan` (`id_karyawan`, `reason`, `change_by`, `change_at`) VALUES
('1', 'Create', 2, '2021-02-11'),
('2', 'Create', 2, '2021-02-11'),
('3', 'Create', 2, '2021-02-11'),
('3', 'Edit', 2, '2021-02-11'),
('3', 'Edit', 2, '2021-02-11'),
('3', 'Edit', 2, '2021-02-11'),
('2076', 'Create', 1, '2021-02-11');

-- --------------------------------------------------------

--
-- Table structure for table `history_lembur`
--

CREATE TABLE `history_lembur` (
  `id_lembur` int(11) NOT NULL,
  `reason` varchar(20) NOT NULL,
  `change_by` int(11) NOT NULL,
  `change_at` date NOT NULL
) ENGINE=InnoDB DEFAULT CHARSET=utf8mb4;

-- --------------------------------------------------------

--
-- Table structure for table `history_penggajian`
--

CREATE TABLE `history_penggajian` (
  `id_gaji` varchar(16) NOT NULL,
  `reason` varchar(20) NOT NULL,
  `change_by` int(11) NOT NULL,
  `change_at` date NOT NULL
) ENGINE=InnoDB DEFAULT CHARSET=utf8mb4;

-- --------------------------------------------------------

--
-- Table structure for table `history_surat_ijin`
--

CREATE TABLE `history_surat_ijin` (
  `id_surat_ijin` int(11) NOT NULL,
  `reason` varchar(20) NOT NULL,
  `change_by` int(11) NOT NULL,
  `change_at` date NOT NULL
) ENGINE=InnoDB DEFAULT CHARSET=utf8mb4;

-- --------------------------------------------------------

--
-- Table structure for table `history_umk`
--

CREATE TABLE `history_umk` (
  `id_umk` int(11) NOT NULL,
  `reason` varchar(20) NOT NULL,
  `change_by` int(11) NOT NULL,
  `change_at` date NOT NULL
) ENGINE=InnoDB DEFAULT CHARSET=utf8mb4;

--
-- Dumping data for table `history_umk`
--

INSERT INTO `history_umk` (`id_umk`, `reason`, `change_by`, `change_at`) VALUES
(1, 'Create', 1, '2021-02-08'),
(2, 'Create', 1, '2021-02-10'),
(1, 'Edit', 1, '2021-02-10'),
(1, 'Edit', 1, '2021-02-10'),
(1, 'Edit', 2, '2021-02-10');

-- --------------------------------------------------------

--
-- Table structure for table `history_user_login`
--

CREATE TABLE `history_user_login` (
  `id_user` int(11) NOT NULL,
  `reason` varchar(20) NOT NULL,
  `change_by` int(11) NOT NULL,
  `change_at` date NOT NULL
) ENGINE=InnoDB DEFAULT CHARSET=utf8mb4;

--
-- Dumping data for table `history_user_login`
--

INSERT INTO `history_user_login` (`id_user`, `reason`, `change_by`, `change_at`) VALUES
(2, 'Create', 1, '2021-02-09'),
(3, 'Create', 2, '2021-02-10');

-- --------------------------------------------------------

--
-- Table structure for table `master_absensi`
--

CREATE TABLE `master_absensi` (
  `id_absensi` char(16) NOT NULL,
  `id_karyawan` varchar(15) NOT NULL,
  `jam_absensi` datetime NOT NULL,
  `status_absensi` char(1) NOT NULL,
  `change_by` int(11) NOT NULL,
  `change_at` date NOT NULL
) ENGINE=InnoDB DEFAULT CHARSET=utf8mb4;

-- --------------------------------------------------------

--
-- Table structure for table `master_divisi`
--

CREATE TABLE `master_divisi` (
  `id_divisi` int(11) NOT NULL,
  `nama_divisi` varchar(40) NOT NULL,
  `status_divisi` char(1) NOT NULL,
  `change_by` int(11) NOT NULL,
  `change_at` date NOT NULL
) ENGINE=InnoDB DEFAULT CHARSET=utf8mb4;

--
-- Dumping data for table `master_divisi`
--

INSERT INTO `master_divisi` (`id_divisi`, `nama_divisi`, `status_divisi`, `change_by`, `change_at`) VALUES
(1, 'A&D', 'Y', 1, '2021-02-11'),
(2, 'ALKES', 'Y', 2, '2021-02-11'),
(3, 'DESIGN GRAFIS', 'Y', 2, '2021-02-11'),
(4, 'DIREKSI', 'Y', 2, '2021-02-11'),
(5, 'EXIM', 'Y', 2, '2021-02-11'),
(6, 'F&A', 'Y', 2, '2021-02-11'),
(7, 'GUDANG', 'Y', 2, '2021-02-11'),
(8, 'HRD', 'Y', 2, '2021-02-11'),
(9, 'INJECTION', 'Y', 2, '2021-02-11'),
(10, 'IT', 'Y', 2, '2021-02-11'),
(11, 'MAINTENANCE', 'Y', 2, '2021-02-11'),
(12, 'PEMBELIAN', 'Y', 2, '2021-02-11'),
(13, 'PPIC', 'Y', 2, '2021-02-11'),
(14, 'QUALITY CONTROL', 'Y', 2, '2021-02-11'),
(15, 'R&D', 'Y', 2, '2021-02-11'),
(16, 'REGISTRASI', 'Y', 2, '2021-02-11'),
(17, 'SYRINGE', 'Y', 2, '2021-02-11'),
(18, 'UMUM', 'Y', 2, '2021-02-11'),
(19, 'Divisi Baru', 'Y', 1, '2021-02-11');

-- --------------------------------------------------------

--
-- Table structure for table `master_jabatan`
--

CREATE TABLE `master_jabatan` (
  `id_jabatan` int(5) NOT NULL,
  `nama_jabatan` varchar(40) NOT NULL,
  `tunjangan_jabatan` int(11) DEFAULT NULL,
  `status_jabatan` char(1) NOT NULL,
  `change_by` int(11) NOT NULL,
  `change_at` date NOT NULL
) ENGINE=InnoDB DEFAULT CHARSET=utf8mb4;

--
-- Dumping data for table `master_jabatan`
--

INSERT INTO `master_jabatan` (`id_jabatan`, `nama_jabatan`, `tunjangan_jabatan`, `status_jabatan`, `change_by`, `change_at`) VALUES
(1, 'Karyawan', 0, 'Y', 2, '2021-02-11'),
(2, 'Staff', 0, 'Y', 2, '2021-02-11');

-- --------------------------------------------------------

--
-- Table structure for table `master_jam_kerja`
--

CREATE TABLE `master_jam_kerja` (
  `id_jam_kerja` int(11) NOT NULL,
  `nama_jam_kerja` varchar(40) NOT NULL,
  `jam_masuk` time NOT NULL,
  `jam_pulang` time NOT NULL,
  `status_jam_kerja` char(1) NOT NULL,
  `change_by` int(11) NOT NULL,
  `change_at` date NOT NULL
) ENGINE=InnoDB DEFAULT CHARSET=utf8mb4;

--
-- Dumping data for table `master_jam_kerja`
--

INSERT INTO `master_jam_kerja` (`id_jam_kerja`, `nama_jam_kerja`, `jam_masuk`, `jam_pulang`, `status_jam_kerja`, `change_by`, `change_at`) VALUES
(1, 'Pagi', '07:00:00', '15:00:00', 'Y', 2, '2021-02-11'),
(2, 'Pagi 2', '07:30:00', '15:30:00', 'Y', 2, '2021-02-11'),
(3, 'Sore', '15:00:00', '23:00:00', 'Y', 1, '2021-02-10'),
(4, 'Pagi 3', '08:00:00', '16:00:00', 'Y', 2, '2021-02-11'),
(5, 'Malam', '23:00:00', '07:00:00', 'Y', 2, '2021-02-11');

-- --------------------------------------------------------

--
-- Table structure for table `master_jd_kerja_kyw`
--

CREATE TABLE `master_jd_kerja_kyw` (
  `id_jadwal` int(11) NOT NULL,
  `Id_karyawan` varchar(15) NOT NULL,
  `id_jam_kerja` int(11) NOT NULL,
  `tanggal_jadwal` date NOT NULL,
  `status` char(1) NOT NULL,
  `change_at` date NOT NULL,
  `change_by` int(11) NOT NULL
) ENGINE=InnoDB DEFAULT CHARSET=utf8mb4;

--
-- Dumping data for table `master_jd_kerja_kyw`
--

INSERT INTO `master_jd_kerja_kyw` (`id_jadwal`, `Id_karyawan`, `id_jam_kerja`, `tanggal_jadwal`, `status`, `change_at`, `change_by`) VALUES
(1, '1148', 3, '2021-01-01', 'Y', '2021-02-11', 2),
(2, '1139', 3, '2021-01-02', 'Y', '2021-02-11', 2),
(3, '1124', 1, '2021-01-02', 'Y', '2021-02-11', 2),
(4, '1077', 1, '2021-01-02', 'Y', '2021-02-11', 2),
(5, '1017', 1, '2021-01-02', 'Y', '2021-02-11', 2),
(6, '1154', 1, '2021-01-02', 'Y', '2021-02-11', 2),
(7, '1008', 1, '2021-01-02', 'Y', '2021-02-11', 2),
(8, '1127', 1, '2021-01-02', 'Y', '2021-02-11', 2),
(9, '1151', 1, '2021-01-02', 'Y', '2021-02-11', 2),
(10, '1012', 1, '2021-01-02', 'Y', '2021-02-11', 2),
(11, '1033', 1, '2021-01-02', 'Y', '2021-02-11', 2),
(12, '1057', 1, '2021-01-02', 'Y', '2021-02-11', 2),
(13, '1113', 1, '2021-01-02', 'Y', '2021-02-11', 2),
(14, '1143', 1, '2021-01-02', 'Y', '2021-02-11', 2),
(15, '1010', 1, '2021-01-02', 'Y', '2021-02-11', 2),
(16, '1129', 1, '2021-01-02', 'Y', '2021-02-11', 2),
(17, '1102', 1, '2021-01-02', 'Y', '2021-02-11', 2),
(18, '1049', 1, '2021-01-02', 'Y', '2021-02-11', 2),
(19, '1090', 1, '2021-01-02', 'Y', '2021-02-11', 2),
(20, '1145', 1, '2021-01-02', 'Y', '2021-02-11', 2),
(21, '1073', 1, '2021-01-02', 'Y', '2021-02-11', 2),
(22, '1130', 1, '2021-01-02', 'Y', '2021-02-11', 2),
(23, '1126', 1, '2021-01-02', 'Y', '2021-02-11', 2),
(24, '1135', 1, '2021-01-02', 'Y', '2021-02-11', 2),
(25, '1026', 2, '2021-01-02', 'Y', '2021-02-11', 2),
(26, '1021', 2, '2021-01-02', 'Y', '2021-02-11', 2),
(27, '1136', 2, '2021-01-02', 'Y', '2021-02-11', 2),
(28, '1125', 2, '2021-01-02', 'Y', '2021-02-11', 2),
(29, '1134', 2, '2021-01-02', 'Y', '2021-02-11', 2),
(30, '1133', 2, '2021-01-02', 'Y', '2021-02-11', 2),
(31, '2025', 2, '2021-01-02', 'Y', '2021-02-11', 2),
(32, '1119', 2, '2021-01-02', 'Y', '2021-02-11', 2),
(33, '1084', 2, '2021-01-02', 'Y', '2021-02-11', 2),
(34, '1053', 2, '2021-01-02', 'Y', '2021-02-11', 2),
(35, '1150', 2, '2021-01-02', 'Y', '2021-02-11', 2),
(36, '1132', 2, '2021-01-02', 'Y', '2021-02-11', 2),
(37, '2046', 2, '2021-01-02', 'Y', '2021-02-11', 2),
(38, '1022', 2, '2021-01-02', 'Y', '2021-02-11', 2),
(39, '1123', 2, '2021-01-02', 'Y', '2021-02-11', 2),
(40, '1121', 2, '2021-01-02', 'Y', '2021-02-11', 2),
(41, '1120', 4, '2021-01-02', 'Y', '2021-02-11', 2),
(42, '2047', 4, '2021-01-02', 'Y', '2021-02-11', 2),
(43, '2003', 4, '2021-01-02', 'Y', '2021-02-11', 2),
(44, '2005', 4, '2021-01-02', 'Y', '2021-02-11', 2),
(45, '2067', 4, '2021-01-02', 'Y', '2021-02-11', 2),
(46, '2073', 4, '2021-01-02', 'Y', '2021-02-11', 2),
(47, '1152', 4, '2021-01-02', 'Y', '2021-02-11', 2),
(48, '2049', 4, '2021-01-02', 'Y', '2021-02-11', 2),
(49, '2075', 4, '2021-01-02', 'Y', '2021-02-11', 2),
(50, '2032', 4, '2021-01-02', 'Y', '2021-02-11', 2),
(51, '2060', 4, '2021-01-02', 'Y', '2021-02-11', 2),
(52, '2006', 4, '2021-01-02', 'Y', '2021-02-11', 2),
(53, '2069', 4, '2021-01-02', 'Y', '2021-02-11', 2),
(54, '2042', 4, '2021-01-02', 'Y', '2021-02-11', 2),
(55, '2062', 4, '2021-01-02', 'Y', '2021-02-11', 2),
(56, '2050', 4, '2021-01-02', 'Y', '2021-02-11', 2),
(57, '2068', 4, '2021-01-02', 'Y', '2021-02-11', 2),
(58, '1122', 4, '2021-01-02', 'Y', '2021-02-11', 2),
(59, '2031', 4, '2021-01-02', 'Y', '2021-02-11', 2),
(60, '2029', 4, '2021-01-02', 'Y', '2021-02-11', 2),
(61, '2001', 4, '2021-01-02', 'Y', '2021-02-11', 2),
(62, '2041', 4, '2021-01-02', 'Y', '2021-02-11', 2),
(63, '1142', 4, '2021-01-02', 'Y', '2021-02-11', 2),
(64, '2056', 4, '2021-01-02', 'Y', '2021-02-11', 2),
(65, '2019', 4, '2021-01-02', 'Y', '2021-02-11', 2),
(66, '2028', 4, '2021-01-02', 'Y', '2021-02-11', 2),
(67, '2008', 4, '2021-01-02', 'Y', '2021-02-11', 2),
(68, '2004', 4, '2021-01-02', 'Y', '2021-02-11', 2),
(69, '2065', 4, '2021-01-02', 'Y', '2021-02-11', 2),
(70, '2039', 4, '2021-01-02', 'Y', '2021-02-11', 2),
(71, '2070', 4, '2021-01-02', 'Y', '2021-02-11', 2),
(72, '2026', 4, '2021-01-02', 'Y', '2021-02-11', 2),
(73, '2014', 4, '2021-01-02', 'Y', '2021-02-11', 2),
(74, '2061', 4, '2021-01-02', 'Y', '2021-02-11', 2),
(75, '1144', 4, '2021-01-02', 'Y', '2021-02-11', 2),
(76, '2072', 4, '2021-01-02', 'Y', '2021-02-11', 2),
(77, '2035', 4, '2021-01-02', 'Y', '2021-02-11', 2),
(78, '2036', 4, '2021-01-02', 'Y', '2021-02-11', 2),
(79, '2038', 4, '2021-01-02', 'Y', '2021-02-11', 2),
(80, '2024', 4, '2021-01-02', 'Y', '2021-02-11', 2),
(81, '2053', 4, '2021-01-02', 'Y', '2021-02-11', 2),
(82, '2011', 4, '2021-01-02', 'Y', '2021-02-11', 2),
(83, '1140', 4, '2021-01-02', 'Y', '2021-02-11', 2),
(84, '2013', 4, '2021-01-02', 'Y', '2021-02-11', 2),
(85, '2012', 4, '2021-01-02', 'Y', '2021-02-11', 2),
(86, '2045', 4, '2021-01-02', 'Y', '2021-02-11', 2),
(87, '1149', 4, '2021-01-02', 'Y', '2021-02-11', 2),
(88, '2044', 4, '2021-01-02', 'Y', '2021-02-11', 2),
(89, '2071', 4, '2021-01-02', 'Y', '2021-02-11', 2),
(90, '2018', 4, '2021-01-02', 'Y', '2021-02-11', 2),
(91, '1153', 3, '2021-01-02', 'Y', '2021-02-11', 2),
(92, '1050', 3, '2021-01-02', 'Y', '2021-02-11', 2),
(93, '1118', 3, '2021-01-02', 'Y', '2021-02-11', 2),
(94, '1007', 3, '2021-01-02', 'Y', '2021-02-11', 2),
(95, '1128', 3, '2021-01-02', 'Y', '2021-02-11', 2),
(96, '1045', 3, '2021-01-02', 'Y', '2021-02-11', 2),
(97, '1146', 3, '2021-01-02', 'Y', '2021-02-11', 2),
(98, '1031', 3, '2021-01-02', 'Y', '2021-02-11', 2),
(99, '1101', 3, '2021-01-02', 'Y', '2021-02-11', 2),
(100, '1147', 3, '2021-01-02', 'Y', '2021-02-11', 2),
(101, '1020', 3, '2021-01-02', 'Y', '2021-02-11', 2),
(102, '1061', 3, '2021-01-02', 'Y', '2021-02-11', 2),
(103, '2030', 3, '2021-01-02', 'Y', '2021-02-11', 2),
(104, '1015', 3, '2021-01-02', 'Y', '2021-02-11', 2),
(105, '2027', 5, '2021-01-02', 'Y', '2021-02-11', 2),
(106, '1060', 5, '2021-01-02', 'Y', '2021-02-11', 2),
(107, '1148', 1, '2021-02-01', 'Y', '2021-02-11', 2),
(108, '1132', 1, '2021-02-01', 'Y', '2021-02-11', 2),
(109, '1148', 1, '2021-03-01', 'Y', '2021-02-11', 2),
(110, '1133', 1, '2021-03-01', 'Y', '2021-02-11', 2),
(111, '1134', 1, '2021-03-01', 'Y', '2021-02-11', 2),
(112, '1125', 1, '2021-03-01', 'Y', '2021-02-11', 2),
(113, '1026', 1, '2021-03-01', 'Y', '2021-02-11', 2),
(114, '2042', 1, '2021-03-01', 'Y', '2021-02-11', 2),
(115, '1021', 1, '2021-03-01', 'Y', '2021-02-11', 2),
(116, '2031', 1, '2021-03-01', 'Y', '2021-02-11', 2),
(117, '1124', 3, '2021-03-01', 'Y', '2021-02-11', 2),
(118, '1035', 3, '2021-03-01', 'Y', '2021-02-11', 2),
(119, '1009', 3, '2021-03-01', 'Y', '2021-02-11', 2),
(120, '1127', 3, '2021-03-01', 'Y', '2021-02-11', 2),
(121, '1008', 5, '2021-03-01', 'Y', '2021-02-11', 2),
(122, '1017', 5, '2021-03-01', 'Y', '2021-02-11', 2),
(123, '1129', 5, '2021-03-01', 'Y', '2021-02-11', 2);

-- --------------------------------------------------------

--
-- Table structure for table `master_kalender`
--

CREATE TABLE `master_kalender` (
  `id_kalender` int(11) NOT NULL,
  `jenis_hari` varchar(25) NOT NULL,
  `tanggal_mulai` date NOT NULL,
  `tanggal_akhir` date NOT NULL,
  `jumlah_hari` int(11) NOT NULL,
  `status_kalender` char(1) NOT NULL,
  `change_by` int(11) NOT NULL,
  `change_at` date NOT NULL
) ENGINE=InnoDB DEFAULT CHARSET=utf8mb4;

--
-- Dumping data for table `master_kalender`
--

INSERT INTO `master_kalender` (`id_kalender`, `jenis_hari`, `tanggal_mulai`, `tanggal_akhir`, `jumlah_hari`, `status_kalender`, `change_by`, `change_at`) VALUES
(1, 'Cuti Bersama', '2021-02-08', '2021-02-08', 1, 'Y', 1, '2021-02-08'),
(2, 'Hari Libur', '2021-02-07', '2021-02-07', 1, 'Y', 1, '2021-02-08'),
(3, 'Hari Libur', '2021-02-12', '2021-02-12', 1, 'Y', 1, '2021-02-11'),
(4, 'Hari Libur', '2021-02-12', '2021-02-13', 2, 'Y', 1, '2021-02-11'),
(5, 'Hari Libur', '2021-02-12', '2021-02-09', -2, 'Y', 1, '2021-02-11');

-- --------------------------------------------------------

--
-- Table structure for table `master_karyawan`
--

CREATE TABLE `master_karyawan` (
  `auto_id` int(11) NOT NULL,
  `id_karyawan` varchar(15) NOT NULL,
  `pin` varchar(15) NOT NULL,
  `id_jabatan` int(11) NOT NULL,
  `id_divisi` int(11) NOT NULL,
  `nama_karyawan` varchar(50) NOT NULL,
  `nik` char(16) NOT NULL,
  `no_ktp` char(16) NOT NULL,
  `npwp` char(15) DEFAULT NULL,
  `jenis_kelamin_karyawan` char(1) NOT NULL,
  `tanggal_masuk_karyawan` date NOT NULL,
  `tanggal_keluar_karyawan` date DEFAULT NULL,
  `status_karyawan` varchar(4) NOT NULL,
  `telp_karyawan` varchar(15) DEFAULT NULL,
  `tempat_lahir_karyawan` varchar(30) DEFAULT NULL,
  `tanggal_lahir_karyawan` date DEFAULT NULL,
  `alamat_karyawan` varchar(100) DEFAULT NULL,
  `tanggal_pengangkatan` date DEFAULT NULL,
  `keterangan` varchar(40) DEFAULT NULL,
  `k_tk` varchar(20) DEFAULT NULL,
  `pendidikan` varchar(50) DEFAULT NULL,
  `pkwt1` varchar(40) DEFAULT NULL,
  `pkwt2` varchar(40) DEFAULT NULL,
  `change_by` int(11) NOT NULL,
  `change_at` date NOT NULL
) ENGINE=InnoDB DEFAULT CHARSET=utf8mb4;

--
-- Dumping data for table `master_karyawan`
--

INSERT INTO `master_karyawan` (`auto_id`, `id_karyawan`, `pin`, `id_jabatan`, `id_divisi`, `nama_karyawan`, `nik`, `no_ktp`, `npwp`, `jenis_kelamin_karyawan`, `tanggal_masuk_karyawan`, `tanggal_keluar_karyawan`, `status_karyawan`, `telp_karyawan`, `tempat_lahir_karyawan`, `tanggal_lahir_karyawan`, `alamat_karyawan`, `tanggal_pengangkatan`, `keterangan`, `k_tk`, `pendidikan`, `pkwt1`, `pkwt2`, `change_by`, `change_at`) VALUES
(1007, '1007', '1007', 1, 9, 'ACHMAD  SAIFUDIN', '1234567891234567', '1234567891234567', '', 'L', '2021-02-01', '0000-00-00', 'Y', '', '', '0000-00-00', '', '0000-00-00', 'Karyawan', 'Tidak Kontrak', '', '', '', 2, '2021-02-11'),
(1008, '1008', '1008', 1, 9, 'NIHAYATUN  NAIMAH', '1234567891234568', '1234567891234568', '', 'L', '2021-02-01', '0000-00-00', 'Y', '', '', '0000-00-00', '', '0000-00-00', 'Karyawan', 'Tidak Kontrak', '', '', '', 2, '2021-02-12'),
(1009, '1009', '1009', 1, 9, 'IMA  WAHYUNI', '1234567891234569', '1234567891234569', '', 'L', '2021-02-01', '0000-00-00', 'Y', '', '', '0000-00-00', '', '0000-00-00', 'Karyawan', 'Tidak Kontrak', '', '', '', 2, '2021-02-13'),
(1010, '1010', '1010', 1, 9, 'ANWARUL MA\'ARIF', '1234567891234570', '1234567891234570', '', 'L', '2021-02-01', '0000-00-00', 'Y', '', '', '0000-00-00', '', '0000-00-00', 'Karyawan', 'Tidak Kontrak', '', '', '', 2, '2021-02-14'),
(1012, '1012', '1012', 1, 1, 'DIWAN  WAHYUDI', '1234567891234571', '1234567891234571', '', 'L', '2021-02-01', '0000-00-00', 'Y', '', '', '0000-00-00', '', '0000-00-00', 'Karyawan', 'Tidak Kontrak', '', '', '', 2, '2021-02-15'),
(1015, '1015', '1015', 1, 9, 'REGGY  DESTA SETYAWAN', '1234567891234572', '1234567891234572', '', 'L', '2021-02-01', '0000-00-00', 'Y', '', '', '0000-00-00', '', '0000-00-00', 'Karyawan', 'Tidak Kontrak', '', '', '', 2, '2021-02-16'),
(1017, '1017', '1017', 1, 9, 'NOVIA WULANDARI', '1234567891234573', '1234567891234573', '', 'L', '2021-02-01', '0000-00-00', 'Y', '', '', '0000-00-00', '', '0000-00-00', 'Karyawan', 'Tidak Kontrak', '', '', '', 2, '2021-02-17'),
(1020, '1020', '1020', 1, 9, 'MARWA ZIRONA', '1234567891234574', '1234567891234574', '', 'L', '2021-02-01', '0000-00-00', 'Y', '', '', '0000-00-00', '', '0000-00-00', 'Karyawan', 'Tidak Kontrak', '', '', '', 2, '2021-02-18'),
(1021, '1021', '1021', 1, 9, 'VINITA INDRIANA', '1234567891234575', '1234567891234575', '', 'L', '2021-02-01', '0000-00-00', 'Y', '', '', '0000-00-00', '', '0000-00-00', 'Karyawan', 'Tidak Kontrak', '', '', '', 2, '2021-02-19'),
(1022, '1022', '1022', 1, 10, 'HENDRA VANDI VERI ALLATIF', '1234567891234576', '1234567891234576', '', 'L', '2021-02-01', '0000-00-00', 'Y', '', '', '0000-00-00', '', '0000-00-00', 'Karyawan', 'Tidak Kontrak', '', '', '', 2, '2021-02-20'),
(1026, '1026', '1026', 1, 9, 'NOFITA  ASTARI', '1234567891234577', '1234567891234577', '', 'L', '2021-02-01', '0000-00-00', 'Y', '', '', '0000-00-00', '', '0000-00-00', 'Karyawan', 'Tidak Kontrak', '', '', '', 2, '2021-02-21'),
(1031, '1031', '1031', 1, 9, 'SITI NUR  ARIFATUL MAULIDAH', '1234567891234578', '1234567891234578', '', 'L', '2021-02-01', '0000-00-00', 'Y', '', '', '0000-00-00', '', '0000-00-00', 'Karyawan', 'Tidak Kontrak', '', '', '', 2, '2021-02-22'),
(1033, '1033', '1033', 1, 9, 'CHOIRUL  ANWAR', '1234567891234579', '1234567891234579', '', 'L', '2021-02-01', '0000-00-00', 'Y', '', '', '0000-00-00', '', '0000-00-00', 'Karyawan', 'Tidak Kontrak', '', '', '', 2, '2021-02-23'),
(1035, '1035', '1035', 1, 9, 'SRI  WAHYUNI', '1234567891234580', '1234567891234580', '', 'L', '2021-02-01', '0000-00-00', 'Y', '', '', '0000-00-00', '', '0000-00-00', 'Karyawan', 'Tidak Kontrak', '', '', '', 2, '2021-02-24'),
(1045, '1045', '1045', 1, 1, 'PUPUNG ADY  DHAMARA', '1234567891234581', '1234567891234581', '', 'L', '2021-02-01', '0000-00-00', 'Y', '', '', '0000-00-00', '', '0000-00-00', 'Karyawan', 'Tidak Kontrak', '', '', '', 2, '2021-02-25'),
(1049, '1049', '1049', 1, 1, 'EKO GATOT  PRASETYO', '1234567891234582', '1234567891234582', '', 'L', '2021-02-01', '0000-00-00', 'Y', '', '', '0000-00-00', '', '0000-00-00', 'Karyawan', 'Tidak Kontrak', '', '', '', 2, '2021-02-26'),
(1050, '1050', '1050', 1, 1, 'WINDI  ELISYAH', '1234567891234583', '1234567891234583', '', 'L', '2021-02-01', '0000-00-00', 'Y', '', '', '0000-00-00', '', '0000-00-00', 'Karyawan', 'Tidak Kontrak', '', '', '', 2, '2021-02-27'),
(1053, '1053', '1053', 1, 1, 'LIA  ELVIANA', '1234567891234584', '1234567891234584', '', 'L', '2021-02-01', '0000-00-00', 'Y', '', '', '0000-00-00', '', '0000-00-00', 'Karyawan', 'Tidak Kontrak', '', '', '', 2, '2021-02-28'),
(1057, '1057', '1057', 1, 1, 'YANA SULISWATI', '1234567891234585', '1234567891234585', '', 'L', '2021-02-01', '0000-00-00', 'Y', '', '', '0000-00-00', '', '0000-00-00', 'Karyawan', 'Tidak Kontrak', '', '', '', 2, '2021-03-01'),
(1060, '1060', '1060', 1, 1, 'FAJAR NURVIANA  LATUS', '1234567891234586', '1234567891234586', '', 'L', '2021-02-01', '0000-00-00', 'Y', '', '', '0000-00-00', '', '0000-00-00', 'Karyawan', 'Tidak Kontrak', '', '', '', 2, '2021-03-02'),
(1061, '1061', '1061', 1, 1, 'MOCHAMMAD ADE  PRASETYO', '1234567891234587', '1234567891234587', '', 'L', '2021-02-01', '0000-00-00', 'Y', '', '', '0000-00-00', '', '0000-00-00', 'Karyawan', 'Tidak Kontrak', '', '', '', 2, '2021-03-03'),
(1073, '1073', '1073', 1, 1, 'DANANG SINGGI  WIBISONO', '1234567891234588', '1234567891234588', '', 'L', '2021-02-01', '0000-00-00', 'Y', '', '', '0000-00-00', '', '0000-00-00', 'Karyawan', 'Tidak Kontrak', '', '', '', 2, '2021-03-04'),
(1077, '1077', '1077', 1, 1, 'IIN ROCHMATIN', '1234567891234589', '1234567891234589', '', 'L', '2021-02-01', '0000-00-00', 'Y', '', '', '0000-00-00', '', '0000-00-00', 'Karyawan', 'Tidak Kontrak', '', '', '', 2, '2021-03-05'),
(1084, '1084', '1084', 1, 1, 'NUR  AZIZAH', '1234567891234590', '1234567891234590', '', 'L', '2021-02-01', '0000-00-00', 'Y', '', '', '0000-00-00', '', '0000-00-00', 'Karyawan', 'Tidak Kontrak', '', '', '', 2, '2021-03-06'),
(1090, '1090', '1090', 1, 1, 'FITRIYAH DWI  URIFAH', '1234567891234591', '1234567891234591', '', 'L', '2021-02-01', '0000-00-00', 'Y', '', '', '0000-00-00', '', '0000-00-00', 'Karyawan', 'Tidak Kontrak', '', '', '', 2, '2021-03-07'),
(1101, '1101', '1101', 1, 1, 'RIZKY FAJAR RAMADHAN', '1234567891234592', '1234567891234592', '', 'L', '2021-02-01', '0000-00-00', 'Y', '', '', '0000-00-00', '', '0000-00-00', 'Karyawan', 'Tidak Kontrak', '', '', '', 2, '2021-03-08'),
(1102, '1102', '1102', 1, 1, 'BAGUS RAHMAT PERDANA', '1234567891234593', '1234567891234593', '', 'L', '2021-02-01', '0000-00-00', 'Y', '', '', '0000-00-00', '', '0000-00-00', 'Karyawan', 'Tidak Kontrak', '', '', '', 2, '2021-03-09'),
(1113, '1113', '1113', 1, 1, 'MOHAMMAD FERY  HARDIANTO', '1234567891234594', '1234567891234594', '', 'L', '2021-02-01', '0000-00-00', 'Y', '', '', '0000-00-00', '', '0000-00-00', 'Karyawan', 'Tidak Kontrak', '', '', '', 2, '2021-03-10'),
(1118, '1118', '1118', 1, 1, 'MUHAMMAD FAHRUDDIN', '1234567891234595', '1234567891234595', '', 'L', '2021-02-01', '0000-00-00', 'Y', '', '', '0000-00-00', '', '0000-00-00', 'Karyawan', 'Tidak Kontrak', '', '', '', 2, '2021-03-11'),
(1119, '1119', '1119', 1, 10, 'SHANTI RACHIMIWATI', '1234567891234596', '1234567891234596', '', 'L', '2021-02-01', '0000-00-00', 'Y', '', '', '0000-00-00', '', '0000-00-00', 'Karyawan', 'Tidak Kontrak', '', '', '', 2, '2021-03-12'),
(1120, '1120', '1120', 1, 10, 'RYOS ANGGI RIFALDI', '1234567891234597', '1234567891234597', '', 'L', '2021-02-01', '0000-00-00', 'Y', '', '', '0000-00-00', '', '0000-00-00', 'Karyawan', 'Tidak Kontrak', '', '', '', 2, '2021-03-13'),
(1121, '1121', '1121', 1, 10, 'MOCHAMMAD AVIK DAMISKI', '1234567891234598', '1234567891234598', '', 'L', '2021-02-01', '0000-00-00', 'Y', '', '', '0000-00-00', '', '0000-00-00', 'Karyawan', 'Tidak Kontrak', '', '', '', 2, '2021-03-14'),
(1122, '1122', '1122', 1, 10, 'DEDY EKO  SETIYO ATMOKO', '1234567891234599', '1234567891234599', '', 'L', '2021-02-01', '0000-00-00', 'Y', '', '', '0000-00-00', '', '0000-00-00', 'Karyawan', 'Tidak Kontrak', '', '', '', 2, '2021-03-15'),
(1123, '1123', '1123', 1, 10, 'ARUM NADIANSYAH', '1234567891234600', '1234567891234600', '', 'L', '2021-02-01', '0000-00-00', 'Y', '', '', '0000-00-00', '', '0000-00-00', 'Karyawan', 'Tidak Kontrak', '', '', '', 2, '2021-03-16'),
(1124, '1124', '1124', 1, 9, 'ALFIAN FAIZ FAKHRUDIN', '1234567891234601', '1234567891234601', '', 'L', '2021-02-01', '0000-00-00', 'Y', '', '', '0000-00-00', '', '0000-00-00', 'Karyawan', 'Tidak Kontrak', '', '', '', 2, '2021-03-17'),
(1125, '1125', '1125', 1, 9, 'MOMON  RUDIANTO', '1234567891234602', '1234567891234602', '', 'L', '2021-02-01', '0000-00-00', 'Y', '', '', '0000-00-00', '', '0000-00-00', 'Karyawan', 'Tidak Kontrak', '', '', '', 2, '2021-03-18'),
(1126, '1126', '1126', 1, 2, 'WINDI BUDI  LESTARI', '1234567891234603', '1234567891234603', '', 'L', '2021-02-01', '0000-00-00', 'Y', '', '', '0000-00-00', '', '0000-00-00', 'Karyawan', 'Tidak Kontrak', '', '', '', 2, '2021-03-19'),
(1127, '1127', '1127', 1, 10, 'DEYS SYA\'FATUL MAZIYYAH', '1234567891234604', '1234567891234604', '', 'L', '2021-02-01', '0000-00-00', 'Y', '', '', '0000-00-00', '', '0000-00-00', 'Karyawan', 'Tidak Kontrak', '', '', '', 2, '2021-03-20'),
(1128, '1128', '1128', 1, 10, 'ELY YUNITA', '1234567891234605', '1234567891234605', '', 'L', '2021-02-01', '0000-00-00', 'Y', '', '', '0000-00-00', '', '0000-00-00', 'Karyawan', 'Tidak Kontrak', '', '', '', 2, '2021-03-21'),
(1129, '1129', '1129', 1, 10, 'PUTRI ANGGRAENI FAZADINI', '1234567891234606', '1234567891234606', '', 'L', '2021-02-01', '0000-00-00', 'Y', '', '', '0000-00-00', '', '0000-00-00', 'Karyawan', 'Tidak Kontrak', '', '', '', 2, '2021-03-22'),
(1130, '1130', '1130', 1, 10, 'DANI DWI  ANGGRAENI', '1234567891234607', '1234567891234607', '', 'L', '2021-02-01', '0000-00-00', 'Y', '', '', '0000-00-00', '', '0000-00-00', 'Karyawan', 'Tidak Kontrak', '', '', '', 2, '2021-03-23'),
(1132, '1132', '1132', 1, 10, 'VALANTINO AGUSTIAR', '1234567891234608', '1234567891234608', '', 'L', '2021-02-01', '0000-00-00', 'Y', '', '', '0000-00-00', '', '0000-00-00', 'Karyawan', 'Tidak Kontrak', '', '', '', 2, '2021-03-24'),
(1133, '1133', '1133', 1, 10, 'NABELLA RIZKI  AMALIA', '1234567891234609', '1234567891234609', '', 'L', '2021-02-01', '0000-00-00', 'Y', '', '', '0000-00-00', '', '0000-00-00', 'Karyawan', 'Tidak Kontrak', '', '', '', 2, '2021-03-25'),
(1134, '1134', '1134', 1, 10, 'SOVIA NAVACATUS SACHARIA', '1234567891234610', '1234567891234610', '', 'L', '2021-02-01', '0000-00-00', 'Y', '', '', '0000-00-00', '', '0000-00-00', 'Karyawan', 'Tidak Kontrak', '', '', '', 2, '2021-03-26'),
(1135, '1135', '1135', 1, 8, 'EKA DITASARI', '1234567891234611', '1234567891234611', '', 'L', '2021-02-01', '0000-00-00', 'Y', '', '', '0000-00-00', '', '0000-00-00', 'Karyawan', 'Tidak Kontrak', '', '', '', 2, '2021-03-27'),
(1136, '1136', '1136', 1, 10, 'DIYAH NITAMI', '1234567891234612', '1234567891234612', '', 'L', '2021-02-01', '0000-00-00', 'Y', '', '', '0000-00-00', '', '0000-00-00', 'Karyawan', 'Tidak Kontrak', '', '', '', 2, '2021-03-28'),
(1139, '1139', '1139', 1, 10, 'KARTIKA INDAH AULIA', '1234567891234613', '1234567891234613', '', 'L', '2021-02-01', '0000-00-00', 'Y', '', '', '0000-00-00', '', '0000-00-00', 'Karyawan', 'Tidak Kontrak', '', '', '', 2, '2021-03-29'),
(1140, '1140', '1140', 1, 10, 'M. WAHYU ADAM  FIRMANSYAH', '1234567891234614', '1234567891234614', '', 'L', '2021-02-01', '0000-00-00', 'Y', '', '', '0000-00-00', '', '0000-00-00', 'Karyawan', 'Tidak Kontrak', '', '', '', 2, '2021-03-30'),
(1142, '1142', '1142', 1, 10, 'FELLA HAMIDA ASFIA URRAHMAH', '1234567891234615', '1234567891234615', '', 'L', '2021-02-01', '0000-00-00', 'Y', '', '', '0000-00-00', '', '0000-00-00', 'Karyawan', 'Tidak Kontrak', '', '', '', 2, '2021-03-31'),
(1143, '1143', '1143', 1, 1, 'IRMA DAMAYANTI', '1234567891234616', '1234567891234616', '', 'L', '2021-02-01', '0000-00-00', 'Y', '', '', '0000-00-00', '', '0000-00-00', 'Karyawan', 'Tidak Kontrak', '', '', '', 2, '2021-04-01'),
(1144, '1144', '1144', 1, 2, 'HAZMIEA NURFIDA', '1234567891234617', '1234567891234617', '', 'L', '2021-02-01', '0000-00-00', 'Y', '', '', '0000-00-00', '', '0000-00-00', 'Karyawan', 'Tidak Kontrak', '', '', '', 2, '2021-04-02'),
(1145, '1145', '1145', 1, 1, 'SIGIT HADI  PRIANTO', '1234567891234618', '1234567891234618', '', 'L', '2021-02-01', '0000-00-00', 'Y', '', '', '0000-00-00', '', '0000-00-00', 'Karyawan', 'Tidak Kontrak', '', '', '', 2, '2021-04-03'),
(1146, '1146', '1146', 1, 1, 'FIQIH DIAN SANTOSO', '1234567891234619', '1234567891234619', '', 'L', '2021-02-01', '0000-00-00', 'Y', '', '', '0000-00-00', '', '0000-00-00', 'Karyawan', 'Tidak Kontrak', '', '', '', 2, '2021-04-04'),
(1147, '1147', '1147', 1, 2, 'ADITYA BAYU PRAKOSO', '1234567891234620', '1234567891234620', '', 'L', '2021-02-01', '0000-00-00', 'Y', '', '', '0000-00-00', '', '0000-00-00', 'Karyawan', 'Tidak Kontrak', '', '', '', 2, '2021-04-05'),
(1148, '1148', '1148', 1, 10, 'HARIYANTO', '1234567891234621', '1234567891234621', '', 'L', '2021-02-01', '0000-00-00', 'Y', '', '', '0000-00-00', '', '0000-00-00', 'Karyawan', 'Tidak Kontrak', '', '', '', 2, '2021-04-06'),
(1149, '1149', '1149', 1, 1, 'FEBRIANSYAH RAMADHANA PUTRA', '1234567891234622', '1234567891234622', '', 'L', '2021-02-01', '0000-00-00', 'Y', '', '', '0000-00-00', '', '0000-00-00', 'Karyawan', 'Tidak Kontrak', '', '', '', 2, '2021-04-07'),
(1150, '1150', '1150', 1, 10, 'KHOIRUL  MUFID', '1234567891234623', '1234567891234623', '', 'L', '2021-02-01', '0000-00-00', 'Y', '', '', '0000-00-00', '', '0000-00-00', 'Karyawan', 'Tidak Kontrak', '', '', '', 2, '2021-04-08'),
(1151, '1151', '1151', 1, 10, 'DONI  HARDIANSYAH', '1234567891234624', '1234567891234624', '', 'L', '2021-02-01', '0000-00-00', 'Y', '', '', '0000-00-00', '', '0000-00-00', 'Karyawan', 'Tidak Kontrak', '', '', '', 2, '2021-04-09'),
(1152, '1152', '1152', 1, 10, 'ARIF  SETYAWAN', '1234567891234625', '1234567891234625', '', 'L', '2021-02-01', '0000-00-00', 'Y', '', '', '0000-00-00', '', '0000-00-00', 'Karyawan', 'Tidak Kontrak', '', '', '', 2, '2021-04-10'),
(1153, '1153', '1153', 1, 10, 'NIA PERMATASARI', '1234567891234626', '1234567891234626', '', 'L', '2021-02-01', '0000-00-00', 'Y', '', '', '0000-00-00', '', '0000-00-00', 'Karyawan', 'Tidak Kontrak', '', '', '', 2, '2021-04-11'),
(1154, '1154', '1154', 1, 10, 'RUSDILARDO YUSWAR YOSSUNDO', '1234567891234627', '1234567891234627', '', 'L', '2021-02-01', '0000-00-00', 'Y', '', '', '0000-00-00', '', '0000-00-00', 'Karyawan', 'Tidak Kontrak', '', '', '', 2, '2021-04-12'),
(2001, '2001', '2001', 1, 10, 'KUMIATI', '1234567891234628', '1234567891234628', '', 'L', '2021-02-01', '0000-00-00', 'Y', '', '', '0000-00-00', '', '0000-00-00', 'Karyawan', 'Tidak Kontrak', '', '', '', 2, '2021-04-13'),
(2003, '2003', '2003', 1, 6, 'VERONICA  HANDJOJO', '1234567891234629', '1234567891234629', '', 'L', '2021-02-01', '0000-00-00', 'Y', '', '', '0000-00-00', '', '0000-00-00', 'Karyawan', 'Tidak Kontrak', '', '', '', 2, '2021-04-14'),
(2004, '2004', '2004', 1, 6, 'ANNA PRATIWI WULANDARI', '1234567891234630', '1234567891234630', '', 'L', '2021-02-01', '0000-00-00', 'Y', '', '', '0000-00-00', '', '0000-00-00', 'Karyawan', 'Tidak Kontrak', '', '', '', 2, '2021-04-15'),
(2005, '2005', '2005', 1, 8, 'PIPIN  SAVITRI YUSOVIN', '1234567891234631', '1234567891234631', '', 'L', '2021-02-01', '0000-00-00', 'Y', '', '', '0000-00-00', '', '0000-00-00', 'Karyawan', 'Tidak Kontrak', '', '', '', 2, '2021-04-16'),
(2006, '2006', '2006', 1, 6, 'RETNOWATI', '1234567891234632', '1234567891234632', '', 'L', '2021-02-01', '0000-00-00', 'Y', '', '', '0000-00-00', '', '0000-00-00', 'Karyawan', 'Tidak Kontrak', '', '', '', 2, '2021-04-17'),
(2008, '2008', '2008', 1, 10, 'LIA  AGUSTINA', '1234567891234633', '1234567891234633', '', 'L', '2021-02-01', '0000-00-00', 'Y', '', '', '0000-00-00', '', '0000-00-00', 'Karyawan', 'Tidak Kontrak', '', '', '', 2, '2021-04-18'),
(2011, '2011', '2011', 1, 6, 'NOFARINA MUSHLIHAH', '1234567891234634', '1234567891234634', '', 'L', '2021-02-01', '0000-00-00', 'Y', '', '', '0000-00-00', '', '0000-00-00', 'Karyawan', 'Tidak Kontrak', '', '', '', 2, '2021-04-19'),
(2012, '2012', '2012', 1, 5, 'FATIMATUS  SEHRO', '1234567891234635', '1234567891234635', '', 'L', '2021-02-01', '0000-00-00', 'Y', '', '', '0000-00-00', '', '0000-00-00', 'Karyawan', 'Tidak Kontrak', '', '', '', 2, '2021-04-20'),
(2013, '2013', '2013', 1, 5, 'MARIYATUL ULFA', '1234567891234636', '1234567891234636', '', 'L', '2021-02-01', '0000-00-00', 'Y', '', '', '0000-00-00', '', '0000-00-00', 'Karyawan', 'Tidak Kontrak', '', '', '', 2, '2021-04-21'),
(2014, '2014', '2014', 1, 10, 'HELIAWATI', '1234567891234637', '1234567891234637', '', 'L', '2021-02-01', '0000-00-00', 'Y', '', '', '0000-00-00', '', '0000-00-00', 'Karyawan', 'Tidak Kontrak', '', '', '', 2, '2021-04-22'),
(2018, '2018', '2018', 1, 4, 'FRANS HENDRATA', '1234567891234638', '1234567891234638', '', 'L', '2021-02-01', '0000-00-00', 'Y', '', '', '0000-00-00', '', '0000-00-00', 'Karyawan', 'Tidak Kontrak', '', '', '', 2, '2021-04-23'),
(2019, '2019', '2019', 1, 4, 'USWATUN  CHASANAH', '1234567891234639', '1234567891234639', '', 'L', '2021-02-01', '0000-00-00', 'Y', '', '', '0000-00-00', '', '0000-00-00', 'Karyawan', 'Tidak Kontrak', '', '', '', 2, '2021-04-24'),
(2024, '2024', '2024', 1, 7, 'NUR  SANIYAH', '1234567891234640', '1234567891234640', '', 'L', '2021-02-01', '0000-00-00', 'Y', '', '', '0000-00-00', '', '0000-00-00', 'Karyawan', 'Tidak Kontrak', '', '', '', 2, '2021-04-25'),
(2025, '2025', '2025', 1, 7, 'MULIADI', '1234567891234641', '1234567891234641', '', 'L', '2021-02-01', '0000-00-00', 'Y', '', '', '0000-00-00', '', '0000-00-00', 'Karyawan', 'Tidak Kontrak', '', '', '', 2, '2021-04-26'),
(2026, '2026', '2026', 1, 7, 'DIDIK TJANDRA WAHONO', '1234567891234642', '1234567891234642', '', 'L', '2021-02-01', '0000-00-00', 'Y', '', '', '0000-00-00', '', '0000-00-00', 'Karyawan', 'Tidak Kontrak', '', '', '', 2, '2021-04-27'),
(2027, '2027', '2027', 1, 1, 'RUDI HANSAH', '1234567891234643', '1234567891234643', '', 'L', '2021-02-01', '0000-00-00', 'Y', '', '', '0000-00-00', '', '0000-00-00', 'Karyawan', 'Tidak Kontrak', '', '', '', 2, '2021-04-28'),
(2028, '2028', '2028', 1, 7, 'ERWANTO', '1234567891234644', '1234567891234644', '', 'L', '2021-02-01', '0000-00-00', 'Y', '', '', '0000-00-00', '', '0000-00-00', 'Karyawan', 'Tidak Kontrak', '', '', '', 2, '2021-04-29'),
(2029, '2029', '2029', 1, 7, 'IBNU SUFYAN', '1234567891234645', '1234567891234645', '', 'L', '2021-02-01', '0000-00-00', 'Y', '', '', '0000-00-00', '', '0000-00-00', 'Karyawan', 'Tidak Kontrak', '', '', '', 2, '2021-04-30'),
(2030, '2030', '2030', 1, 7, 'ENTYK  SUSILOWATI', '1234567891234646', '1234567891234646', '', 'L', '2021-02-01', '0000-00-00', 'Y', '', '', '0000-00-00', '', '0000-00-00', 'Karyawan', 'Tidak Kontrak', '', '', '', 2, '2021-05-01'),
(2031, '2031', '2031', 1, 7, 'EKO   PURWANTININGSIH', '1234567891234647', '1234567891234647', '', 'L', '2021-02-01', '0000-00-00', 'Y', '', '', '0000-00-00', '', '0000-00-00', 'Karyawan', 'Tidak Kontrak', '', '', '', 2, '2021-05-02'),
(2032, '2032', '2032', 1, 7, 'NASHORI WIJAYANTO', '1234567891234648', '1234567891234648', '', 'L', '2021-02-01', '0000-00-00', 'Y', '', '', '0000-00-00', '', '0000-00-00', 'Karyawan', 'Tidak Kontrak', '', '', '', 2, '2021-05-03'),
(2035, '2035', '2035', 1, 7, 'DEDI   SETIAWAN', '1234567891234649', '1234567891234649', '', 'L', '2021-02-01', '0000-00-00', 'Y', '', '', '0000-00-00', '', '0000-00-00', 'Karyawan', 'Tidak Kontrak', '', '', '', 2, '2021-05-04'),
(2036, '2036', '2036', 1, 7, 'ANANG   SUGIANTORO', '1234567891234650', '1234567891234650', '', 'L', '2021-02-01', '0000-00-00', 'Y', '', '', '0000-00-00', '', '0000-00-00', 'Karyawan', 'Tidak Kontrak', '', '', '', 2, '2021-05-05'),
(2038, '2038', '2038', 1, 7, 'FARRIH   SUJATMIKO', '1234567891234651', '1234567891234651', '', 'L', '2021-02-01', '0000-00-00', 'Y', '', '', '0000-00-00', '', '0000-00-00', 'Karyawan', 'Tidak Kontrak', '', '', '', 2, '2021-05-06'),
(2039, '2039', '2039', 1, 7, 'MUAMAR KADAFI FIRDAUS', '1234567891234652', '1234567891234652', '', 'L', '2021-02-01', '0000-00-00', 'Y', '', '', '0000-00-00', '', '0000-00-00', 'Karyawan', 'Tidak Kontrak', '', '', '', 2, '2021-05-07'),
(2041, '2041', '2041', 1, 10, 'RUDIK  HARIYANTO', '1234567891234653', '1234567891234653', '', 'L', '2021-02-01', '0000-00-00', 'Y', '', '', '0000-00-00', '', '0000-00-00', 'Karyawan', 'Tidak Kontrak', '', '', '', 2, '2021-05-08'),
(2042, '2042', '2042', 1, 7, 'ZULIATIN PRETTY   CAHYANINGSEH', '1234567891234654', '1234567891234654', '', 'L', '2021-02-01', '0000-00-00', 'Y', '', '', '0000-00-00', '', '0000-00-00', 'Karyawan', 'Tidak Kontrak', '', '', '', 2, '2021-05-09'),
(2044, '2044', '2044', 1, 10, 'ANAS HELMY  FAIDZIN', '1234567891234655', '1234567891234655', '', 'L', '2021-02-01', '0000-00-00', 'Y', '', '', '0000-00-00', '', '0000-00-00', 'Karyawan', 'Tidak Kontrak', '', '', '', 2, '2021-05-10'),
(2045, '2045', '2045', 1, 10, 'MUHAMMAD   BILAL', '1234567891234656', '1234567891234656', '', 'L', '2021-02-01', '0000-00-00', 'Y', '', '', '0000-00-00', '', '0000-00-00', 'Karyawan', 'Tidak Kontrak', '', '', '', 2, '2021-05-11'),
(2046, '2046', '2046', 1, 6, 'ARIESTA MAHARANNY  WAHYUNINGTYAS', '1234567891234657', '1234567891234657', '', 'L', '2021-02-01', '0000-00-00', 'Y', '', '', '0000-00-00', '', '0000-00-00', 'Karyawan', 'Tidak Kontrak', '', '', '', 2, '2021-05-12'),
(2047, '2047', '2047', 1, 6, 'LINNARTI', '1234567891234658', '1234567891234658', '', 'L', '2021-02-01', '0000-00-00', 'Y', '', '', '0000-00-00', '', '0000-00-00', 'Karyawan', 'Tidak Kontrak', '', '', '', 2, '2021-05-13'),
(2049, '2049', '2049', 1, 10, 'EVY  SETYANINGSIH', '1234567891234659', '1234567891234659', '', 'L', '2021-02-01', '0000-00-00', 'Y', '', '', '0000-00-00', '', '0000-00-00', 'Karyawan', 'Tidak Kontrak', '', '', '', 2, '2021-05-14'),
(2050, '2050', '2050', 1, 10, 'RUSYDINA  FIRDAUSI', '1234567891234660', '1234567891234660', '', 'L', '2021-02-01', '0000-00-00', 'Y', '', '', '0000-00-00', '', '0000-00-00', 'Karyawan', 'Tidak Kontrak', '', '', '', 2, '2021-05-15'),
(2053, '2053', '2053', 1, 7, 'AHMAD HASIM MAHRUS', '1234567891234661', '1234567891234661', '', 'L', '2021-02-01', '0000-00-00', 'Y', '', '', '0000-00-00', '', '0000-00-00', 'Karyawan', 'Tidak Kontrak', '', '', '', 2, '2021-05-16'),
(2056, '2056', '2056', 1, 3, 'YOGYANTONO', '1234567891234662', '1234567891234662', '', 'L', '2021-02-01', '0000-00-00', 'Y', '', '', '0000-00-00', '', '0000-00-00', 'Karyawan', 'Tidak Kontrak', '', '', '', 2, '2021-05-17'),
(2060, '2060', '2060', 2, 4, 'GOENADI', '1234567891234663', '1234567891234663', '', 'L', '2021-02-01', '0000-00-00', 'Y', '', '', '0000-00-00', '', '0000-00-00', 'Karyawan', 'Tidak Kontrak', '', '', '', 2, '2021-05-18'),
(2061, '2061', '2061', 1, 10, 'MARDIYANA', '1234567891234664', '1234567891234664', '', 'L', '2021-02-01', '0000-00-00', 'Y', '', '', '0000-00-00', '', '0000-00-00', 'Karyawan', 'Tidak Kontrak', '', '', '', 2, '2021-05-19'),
(2062, '2062', '2062', 1, 10, 'NINA WIDAYATI', '1234567891234665', '1234567891234665', '', 'L', '2021-02-01', '0000-00-00', 'Y', '', '', '0000-00-00', '', '0000-00-00', 'Karyawan', 'Tidak Kontrak', '', '', '', 2, '2021-05-20'),
(2065, '2065', '2065', 1, 6, 'ROHMATAYALALI', '1234567891234666', '1234567891234666', '', 'L', '2021-02-01', '0000-00-00', 'Y', '', '', '0000-00-00', '', '0000-00-00', 'Karyawan', 'Tidak Kontrak', '', '', '', 2, '2021-05-21'),
(2067, '2067', '2067', 1, 10, 'MERVIN JORDAN JOPITER', '1234567891234667', '1234567891234667', '', 'L', '2021-02-01', '0000-00-00', 'Y', '', '', '0000-00-00', '', '0000-00-00', 'Karyawan', 'Tidak Kontrak', '', '', '', 2, '2021-05-22'),
(2068, '2068', '2068', 1, 6, 'DIMAS RIAN LAKSANA PUTRA', '1234567891234668', '1234567891234668', '', 'L', '2021-02-01', '0000-00-00', 'Y', '', '', '0000-00-00', '', '0000-00-00', 'Karyawan', 'Tidak Kontrak', '', '', '', 2, '2021-05-23'),
(2069, '2069', '2069', 1, 7, 'RAF SANJANI', '1234567891234669', '1234567891234669', '', 'L', '2021-02-01', '0000-00-00', 'Y', '', '', '0000-00-00', '', '0000-00-00', 'Karyawan', 'Tidak Kontrak', '', '', '', 2, '2021-05-24'),
(2070, '2070', '2070', 1, 10, 'OKMAH INDAH  MAYASARI S.', '1234567891234670', '1234567891234670', '', 'L', '2021-02-01', '0000-00-00', 'Y', '', '', '0000-00-00', '', '0000-00-00', 'Karyawan', 'Tidak Kontrak', '', '', '', 2, '2021-05-25'),
(2071, '2071', '2071', 1, 6, 'ARIF RAHMAN SIDY PRATAMA', '1234567891234671', '1234567891234671', '', 'L', '2021-02-01', '0000-00-00', 'Y', '', '', '0000-00-00', '', '0000-00-00', 'Karyawan', 'Tidak Kontrak', '', '', '', 2, '2021-05-26'),
(2072, '2072', '2072', 2, 10, 'AFIF NUZIA AL ASADI', '1234567891234672', '1234567891234672', '', 'L', '2021-02-01', '0000-00-00', 'Y', '', '', '0000-00-00', '', '0000-00-00', 'Karyawan', 'Tidak Kontrak', '', '', '', 2, '2021-05-27'),
(2073, '2073', '2073', 2, 6, 'YASHINTA TANONE', '1234567891234673', '1234567891234673', '', 'L', '2021-02-01', '0000-00-00', 'Y', '', '', '0000-00-00', '', '0000-00-00', 'Karyawan', 'Tidak Kontrak', '', '', '', 2, '2021-05-28'),
(2075, '2075', '2075', 2, 6, 'STEVEN JAQUAR TANDJOJO', '1234567891234674', '1234567891234674', '', 'L', '2021-02-01', '0000-00-00', 'Y', '', '', '0000-00-00', '', '0000-00-00', 'Karyawan', 'Tidak Kontrak', '', '', '', 2, '2021-05-29'),
(2076, '2076', '123123', 1, 1, 'adadas', '1234567891234567', '1234567891234567', '', 'L', '2021-02-11', '0000-00-00', 'Y', '', '', '0000-00-00', '', '0000-00-00', 'Karyawan', 'Tidak Kontrak', '', '', '', 1, '2021-02-11');

-- --------------------------------------------------------

--
-- Table structure for table `master_lembur`
--

CREATE TABLE `master_lembur` (
  `id_lembur` int(11) NOT NULL,
  `id_karyawan` varchar(15) NOT NULL,
  `jam_mulai` datetime NOT NULL,
  `jam_akhir` datetime NOT NULL,
  `uraian_kerja` varchar(80) NOT NULL,
  `persetujuan` char(1) NOT NULL,
  `change_at` datetime NOT NULL,
  `status_lembur` char(1) NOT NULL,
  `change_by` int(11) NOT NULL
) ENGINE=InnoDB DEFAULT CHARSET=utf8mb4;

-- --------------------------------------------------------

--
-- Table structure for table `master_umk`
--

CREATE TABLE `master_umk` (
  `id_umk` int(11) NOT NULL,
  `tahun_umk` int(11) NOT NULL,
  `total_umk` int(11) NOT NULL,
  `status_umk` char(1) NOT NULL,
  `change_by` int(11) NOT NULL,
  `change_at` date NOT NULL
) ENGINE=InnoDB DEFAULT CHARSET=utf8mb4;

--
-- Dumping data for table `master_umk`
--

INSERT INTO `master_umk` (`id_umk`, `tahun_umk`, `total_umk`, `status_umk`, `change_by`, `change_at`) VALUES
(1, 2019, 3500000, 'N', 2, '2021-02-10'),
(2, 2020, 100000000, 'Y', 1, '2021-02-10');

-- --------------------------------------------------------

--
-- Table structure for table `transaksi_cuti`
--

CREATE TABLE `transaksi_cuti` (
  `id_cuti` int(11) NOT NULL,
  `id_karyawan` varchar(15) NOT NULL,
  `sisa_cuti` int(11) NOT NULL,
  `tahun_cuti` int(11) NOT NULL,
  `status_cuti` char(1) NOT NULL,
  `change_by` int(11) NOT NULL,
  `change_at` date NOT NULL
) ENGINE=InnoDB DEFAULT CHARSET=utf8mb4;

-- --------------------------------------------------------

--
-- Table structure for table `transaksi_detail_cuti`
--

CREATE TABLE `transaksi_detail_cuti` (
  `id_cuti` int(11) NOT NULL,
  `ambil_cuti` int(11) NOT NULL,
  `tahun_cuti` int(11) NOT NULL,
  `tanggal_mulai_cuti` date NOT NULL,
  `tanggal_akhir_cuti` date NOT NULL,
  `status_detail_cuti` char(1) NOT NULL,
  `change_by` int(11) NOT NULL,
  `change_at` date NOT NULL
) ENGINE=InnoDB DEFAULT CHARSET=utf8mb4;

-- --------------------------------------------------------

--
-- Table structure for table `transaksi_penggajian`
--

CREATE TABLE `transaksi_penggajian` (
  `id_gaji` varchar(16) NOT NULL,
  `id_karyawan` varchar(15) NOT NULL,
  `id_umk` int(11) DEFAULT NULL,
  `tanggal_gaji` date NOT NULL,
  `tunjangan_jabatan` int(11) DEFAULT NULL,
  `tunjangan_keluarga` int(11) DEFAULT NULL,
  `ongkos_bongkar` int(11) DEFAULT NULL,
  `ongkos_lain_lain` int(11) DEFAULT NULL,
  `total_lembur` int(11) DEFAULT NULL,
  `total_gaji` int(11) NOT NULL,
  `timestamp_gaji` datetime NOT NULL,
  `status_gaji` char(1) NOT NULL,
  `change_by` int(11) NOT NULL,
  `change_at` date NOT NULL
) ENGINE=InnoDB DEFAULT CHARSET=utf8mb4;

-- --------------------------------------------------------

--
-- Table structure for table `transaksi_surat_ijin`
--

CREATE TABLE `transaksi_surat_ijin` (
  `id_surat_ijin` int(11) NOT NULL,
  `id_karyawan` varchar(15) NOT NULL,
  `tanggal_ijin` date NOT NULL,
  `alasan_ijin` varchar(50) NOT NULL,
  `jam_datang_keluar_ijin` time NOT NULL,
  `status_ijin` char(1) NOT NULL,
  `change_by` int(11) NOT NULL,
  `change_at` date NOT NULL
) ENGINE=InnoDB DEFAULT CHARSET=utf8mb4;

-- --------------------------------------------------------

--
-- Table structure for table `user_login`
--

CREATE TABLE `user_login` (
  `id_user` int(11) NOT NULL,
  `id_karyawan` varchar(15) NOT NULL,
  `username` varchar(25) NOT NULL,
  `password_user` varchar(255) NOT NULL,
  `status` char(1) NOT NULL,
  `change_at` date NOT NULL,
  `change_by` int(11) NOT NULL
) ENGINE=InnoDB DEFAULT CHARSET=utf8mb4;

--
-- Dumping data for table `user_login`
--

INSERT INTO `user_login` (`id_user`, `id_karyawan`, `username`, `password_user`, `status`, `change_at`, `change_by`) VALUES
(1, '2', 'admin', '21232f297a57a5a743894a0e4a801fc3', 'Y', '2021-02-11', 2),
(2, '2', 'admin2', 'c84258e9c39059a89ab77d846ddab909', 'Y', '2021-02-09', 1),
(3, '2', 'babon', 'db2a1fd6e6cab66e29fa439c5d4147ce', 'Y', '2021-02-11', 2);

--
-- Indexes for dumped tables
--

--
-- Indexes for table `master_absensi`
--
ALTER TABLE `master_absensi`
  ADD PRIMARY KEY (`id_absensi`),
  ADD KEY `id_karyawan` (`id_karyawan`);

--
-- Indexes for table `master_divisi`
--
ALTER TABLE `master_divisi`
  ADD PRIMARY KEY (`id_divisi`);

--
-- Indexes for table `master_jabatan`
--
ALTER TABLE `master_jabatan`
  ADD PRIMARY KEY (`id_jabatan`);

--
-- Indexes for table `master_jam_kerja`
--
ALTER TABLE `master_jam_kerja`
  ADD PRIMARY KEY (`id_jam_kerja`);

--
-- Indexes for table `master_jd_kerja_kyw`
--
ALTER TABLE `master_jd_kerja_kyw`
  ADD PRIMARY KEY (`id_jadwal`);

--
-- Indexes for table `master_kalender`
--
ALTER TABLE `master_kalender`
  ADD PRIMARY KEY (`id_kalender`);

--
-- Indexes for table `master_karyawan`
--
ALTER TABLE `master_karyawan`
  ADD PRIMARY KEY (`id_karyawan`),
  ADD UNIQUE KEY `auto_id` (`auto_id`),
  ADD KEY `id_jabatan` (`id_jabatan`),
  ADD KEY `id_divisi` (`id_divisi`);

--
-- Indexes for table `master_lembur`
--
ALTER TABLE `master_lembur`
  ADD PRIMARY KEY (`id_lembur`),
  ADD KEY `id_karyawan` (`id_karyawan`);

--
-- Indexes for table `master_umk`
--
ALTER TABLE `master_umk`
  ADD PRIMARY KEY (`id_umk`);

--
-- Indexes for table `transaksi_cuti`
--
ALTER TABLE `transaksi_cuti`
  ADD PRIMARY KEY (`id_cuti`),
  ADD KEY `id_karyawan` (`id_karyawan`);

--
-- Indexes for table `transaksi_detail_cuti`
--
ALTER TABLE `transaksi_detail_cuti`
  ADD KEY `id_cuti` (`id_cuti`);

--
-- Indexes for table `transaksi_penggajian`
--
ALTER TABLE `transaksi_penggajian`
  ADD PRIMARY KEY (`id_gaji`),
  ADD KEY `id_karyawan` (`id_karyawan`),
  ADD KEY `id_umk` (`id_umk`);

--
-- Indexes for table `transaksi_surat_ijin`
--
ALTER TABLE `transaksi_surat_ijin`
  ADD PRIMARY KEY (`id_surat_ijin`),
  ADD KEY `id_karyawan` (`id_karyawan`);

--
-- Indexes for table `user_login`
--
ALTER TABLE `user_login`
  ADD PRIMARY KEY (`id_user`);

--
-- AUTO_INCREMENT for dumped tables
--

--
-- AUTO_INCREMENT for table `master_divisi`
--
ALTER TABLE `master_divisi`
  MODIFY `id_divisi` int(11) NOT NULL AUTO_INCREMENT, AUTO_INCREMENT=21;

--
-- AUTO_INCREMENT for table `master_jabatan`
--
ALTER TABLE `master_jabatan`
  MODIFY `id_jabatan` int(5) NOT NULL AUTO_INCREMENT, AUTO_INCREMENT=19;

--
-- AUTO_INCREMENT for table `master_jam_kerja`
--
ALTER TABLE `master_jam_kerja`
  MODIFY `id_jam_kerja` int(11) NOT NULL AUTO_INCREMENT, AUTO_INCREMENT=6;

--
-- AUTO_INCREMENT for table `master_kalender`
--
ALTER TABLE `master_kalender`
  MODIFY `id_kalender` int(11) NOT NULL AUTO_INCREMENT, AUTO_INCREMENT=6;

--
-- AUTO_INCREMENT for table `master_lembur`
--
ALTER TABLE `master_lembur`
  MODIFY `id_lembur` int(11) NOT NULL AUTO_INCREMENT;

--
-- AUTO_INCREMENT for table `master_umk`
--
ALTER TABLE `master_umk`
  MODIFY `id_umk` int(11) NOT NULL AUTO_INCREMENT, AUTO_INCREMENT=3;

--
-- AUTO_INCREMENT for table `transaksi_cuti`
--
ALTER TABLE `transaksi_cuti`
  MODIFY `id_cuti` int(11) NOT NULL AUTO_INCREMENT;

--
-- AUTO_INCREMENT for table `transaksi_surat_ijin`
--
ALTER TABLE `transaksi_surat_ijin`
  MODIFY `id_surat_ijin` int(11) NOT NULL AUTO_INCREMENT;

--
-- Constraints for dumped tables
--

--
-- Constraints for table `master_absensi`
--
ALTER TABLE `master_absensi`
  ADD CONSTRAINT `master_absensi_ibfk_1` FOREIGN KEY (`id_karyawan`) REFERENCES `master_karyawan` (`id_karyawan`);

--
-- Constraints for table `master_karyawan`
--
ALTER TABLE `master_karyawan`
  ADD CONSTRAINT `master_karyawan_ibfk_1` FOREIGN KEY (`id_jabatan`) REFERENCES `master_jabatan` (`id_jabatan`),
  ADD CONSTRAINT `master_karyawan_ibfk_2` FOREIGN KEY (`id_divisi`) REFERENCES `master_divisi` (`id_divisi`);

--
-- Constraints for table `master_lembur`
--
ALTER TABLE `master_lembur`
  ADD CONSTRAINT `master_lembur_ibfk_1` FOREIGN KEY (`id_karyawan`) REFERENCES `master_karyawan` (`id_karyawan`);

--
-- Constraints for table `transaksi_cuti`
--
ALTER TABLE `transaksi_cuti`
  ADD CONSTRAINT `transaksi_cuti_ibfk_1` FOREIGN KEY (`id_karyawan`) REFERENCES `master_karyawan` (`id_karyawan`);

--
-- Constraints for table `transaksi_detail_cuti`
--
ALTER TABLE `transaksi_detail_cuti`
  ADD CONSTRAINT `transaksi_detail_cuti_ibfk_1` FOREIGN KEY (`id_cuti`) REFERENCES `transaksi_cuti` (`id_cuti`);

--
-- Constraints for table `transaksi_penggajian`
--
ALTER TABLE `transaksi_penggajian`
  ADD CONSTRAINT `transaksi_penggajian_ibfk_1` FOREIGN KEY (`id_karyawan`) REFERENCES `master_karyawan` (`id_karyawan`),
  ADD CONSTRAINT `transaksi_penggajian_ibfk_2` FOREIGN KEY (`id_umk`) REFERENCES `master_umk` (`id_umk`);

--
-- Constraints for table `transaksi_surat_ijin`
--
ALTER TABLE `transaksi_surat_ijin`
  ADD CONSTRAINT `transaksi_surat_ijin_ibfk_1` FOREIGN KEY (`id_karyawan`) REFERENCES `master_karyawan` (`id_karyawan`);
COMMIT;

/*!40101 SET CHARACTER_SET_CLIENT=@OLD_CHARACTER_SET_CLIENT */;
/*!40101 SET CHARACTER_SET_RESULTS=@OLD_CHARACTER_SET_RESULTS */;
/*!40101 SET COLLATION_CONNECTION=@OLD_COLLATION_CONNECTION */;
